iter	Passed	Remaining
0	177	176933
1	177	88648
2	178	59243
3	179	44750
4	180	35950
5	181	30028
6	181	25792
7	182	22621
8	182	20148
9	183	18170
10	184	16553
11	184	15214
12	187	14219
13	188	13272
14	189	12416
15	189	11666
16	190	11006
17	191	10426
18	192	9950
19	193	9470
20	194	9046
21	194	8650
22	195	8290
23	195	7966
24	196	7663
25	197	7381
26	197	7119
27	198	6876
28	199	6679
29	200	6471
30	200	6282
31	202	6124
32	203	5974
33	205	5839
34	207	5720
35	208	5572
36	208	5430
37	209	5292
38	209	5161
39	209	5039
40	210	4934
41	211	4825
42	212	4720
43	212	4621
44	213	4526
45	213	4433
46	214	4348
47	215	4267
48	215	4191
49	217	4126
50	217	4054
51	218	3985
52	219	3918
53	219	3853
54	220	3789
55	221	3726
56	221	3666
57	222	3608
58	222	3553
59	223	3500
60	223	3447
61	224	3397
62	225	3349
63	225	3301
64	226	3255
65	226	3209
66	227	3166
67	227	3123
68	228	3081
69	228	3039
70	230	3013
71	230	2976
72	231	2941
73	232	2908
74	232	2869
75	233	2838
76	234	2805
77	234	2774
78	235	2744
79	236	2716
80	236	2688
81	237	2659
82	238	2631
83	239	2606
84	239	2579
85	240	2553
86	240	2527
87	241	2502
88	242	2482
89	243	2460
90	243	2437
91	244	2414
92	245	2394
93	246	2375
94	247	2354
95	247	2333
96	249	2321
97	249	2299
98	250	2281
99	251	2260
100	251	2241
101	252	2221
102	252	2201
103	253	2182
104	254	2165
105	254	2145
106	255	2129
107	255	2112
108	256	2095
109	256	2077
110	257	2060
111	257	2044
112	258	2029
113	259	2014
114	259	1998
115	260	1984
116	261	1973
117	262	1960
118	263	1947
119	263	1933
120	264	1918
121	264	1904
122	265	1891
123	265	1878
124	266	1865
125	267	1852
126	268	1845
127	269	1833
128	269	1820
129	270	1808
130	270	1795
131	271	1782
132	271	1770
133	272	1759
134	272	1748
135	273	1737
136	273	1725
137	274	1714
138	275	1705
139	276	1696
140	276	1686
141	277	1676
142	278	1666
143	278	1657
144	279	1647
145	279	1637
146	280	1627
147	281	1618
148	281	1609
149	282	1600
150	282	1590
151	283	1581
152	284	1573
153	284	1564
154	285	1555
155	285	1545
156	286	1536
157	287	1530
158	287	1522
159	288	1514
160	288	1505
161	289	1498
162	290	1491
163	291	1483
164	291	1476
165	292	1468
166	293	1463
167	293	1455
168	294	1448
169	295	1440
170	295	1433
171	296	1425
172	296	1418
173	297	1411
174	297	1404
175	298	1396
176	298	1389
177	299	1383
178	300	1377
179	300	1370
180	301	1364
181	302	1357
182	302	1351
183	303	1344
184	303	1338
185	304	1332
186	305	1328
187	306	1323
188	307	1318
189	307	1312
190	308	1306
191	309	1302
192	309	1296
193	310	1289
194	311	1284
195	311	1278
196	312	1273
197	313	1268
198	313	1263
199	314	1258
200	315	1253
201	315	1247
202	316	1244
203	317	1238
204	318	1234
205	318	1229
206	319	1224
207	320	1220
208	321	1215
209	321	1209
210	322	1205
211	323	1200
212	323	1195
213	324	1190
214	325	1189
215	326	1184
216	326	1179
217	327	1174
218	328	1169
219	328	1164
220	329	1160
221	329	1155
222	330	1150
223	330	1145
224	331	1143
225	332	1139
226	333	1134
227	333	1130
228	334	1125
229	335	1121
230	335	1117
231	336	1113
232	337	1109
233	338	1106
234	338	1102
235	339	1098
236	339	1094
237	340	1090
238	341	1085
239	341	1081
240	342	1078
241	342	1074
242	343	1070
243	344	1067
244	345	1063
245	345	1059
246	346	1055
247	346	1051
248	347	1048
249	348	1044
250	348	1040
251	349	1036
252	349	1033
253	351	1030
254	352	1028
255	352	1025
256	353	1021
257	354	1018
258	354	1015
259	355	1011
260	356	1008
261	357	1006
262	357	1002
263	358	998
264	358	995
265	359	992
266	360	988
267	360	985
268	361	982
269	361	978
270	362	975
271	363	972
272	364	969
273	364	966
274	365	962
275	365	959
276	366	956
277	367	953
278	368	951
279	368	948
280	369	945
281	370	942
282	371	940
283	371	937
284	372	934
285	372	931
286	373	928
287	374	925
288	374	922
289	376	921
290	376	918
291	377	915
292	378	912
293	378	909
294	379	906
295	380	903
296	380	900
297	381	898
298	381	895
299	383	893
300	383	891
301	384	888
302	384	885
303	385	883
304	386	880
305	387	877
306	387	875
307	388	872
308	389	870
309	389	867
310	390	865
311	391	862
312	391	859
313	392	857
314	392	854
315	393	851
316	393	848
317	394	846
318	395	844
319	396	841
320	396	839
321	397	836
322	398	834
323	398	832
324	399	829
325	400	827
326	400	824
327	401	822
328	401	819
329	402	817
330	403	815
331	403	812
332	404	810
333	405	808
334	406	806
335	407	804
336	407	802
337	408	799
338	408	797
339	409	795
340	410	793
341	410	790
342	411	788
343	412	787
344	413	784
345	414	783
346	414	780
347	415	778
348	416	776
349	416	773
350	417	771
351	417	769
352	418	766
353	418	764
354	419	762
355	420	760
356	420	758
357	421	755
358	422	753
359	422	751
360	423	749
361	424	747
362	424	745
363	425	744
364	426	741
365	427	740
366	428	739
367	429	737
368	429	735
369	430	733
370	431	730
371	431	728
372	432	726
373	432	724
374	433	722
375	434	720
376	434	718
377	435	716
378	435	713
379	436	711
380	436	709
381	437	707
382	437	705
383	438	703
384	439	701
385	439	699
386	440	697
387	440	695
388	441	693
389	442	691
390	442	689
391	443	687
392	443	685
393	444	683
394	445	681
395	445	679
396	446	677
397	446	675
398	447	674
399	448	672
400	448	670
401	449	668
402	449	666
403	450	664
404	451	662
405	452	661
406	452	659
407	453	657
408	453	655
409	454	653
410	455	652
411	455	650
412	456	648
413	456	646
414	457	644
415	457	642
416	458	640
417	459	639
418	459	637
419	460	635
420	461	634
421	461	632
422	462	630
423	462	628
424	463	627
425	464	625
426	464	623
427	465	622
428	466	620
429	466	618
430	467	617
431	468	615
432	468	613
433	469	611
434	469	610
435	470	608
436	470	606
437	471	604
438	472	603
439	472	601
440	473	600
441	474	598
442	474	596
443	475	594
444	475	593
445	476	591
446	476	589
447	477	588
448	478	586
449	478	585
450	479	583
451	479	581
452	480	580
453	481	578
454	481	577
455	482	575
456	483	574
457	483	572
458	484	570
459	485	569
460	485	567
461	486	566
462	486	564
463	487	563
464	488	561
465	488	560
466	489	558
467	490	557
468	490	555
469	491	554
470	492	552
471	492	551
472	493	550
473	494	548
474	494	546
475	495	545
476	496	544
477	496	542
478	497	541
479	498	539
480	498	538
481	499	536
482	500	535
483	500	533
484	501	532
485	501	530
486	502	529
487	503	528
488	504	526
489	504	525
490	505	523
491	505	522
492	506	520
493	507	519
494	507	518
495	508	516
496	508	515
497	509	513
498	510	512
499	510	510
500	511	509
501	512	507
502	512	506
503	513	505
504	514	503
505	514	502
506	515	500
507	515	499
508	516	498
509	517	496
510	518	495
511	518	494
512	519	493
513	520	491
514	520	490
515	521	489
516	521	487
517	523	486
518	524	485
519	524	484
520	525	483
521	526	482
522	527	481
523	528	479
524	528	478
525	530	477
526	530	476
527	531	474
528	532	473
529	533	472
530	533	471
531	534	470
532	535	469
533	536	468
534	537	467
535	538	465
536	538	464
537	539	463
538	540	462
539	541	460
540	541	459
541	542	458
542	543	457
543	543	455
544	544	454
545	545	453
546	545	452
547	546	450
548	547	449
549	548	448
550	548	447
551	549	446
552	550	444
553	550	443
554	551	442
555	552	440
556	552	439
557	553	438
558	554	437
559	554	436
560	555	434
561	556	433
562	556	432
563	557	430
564	557	429
565	558	428
566	559	427
567	560	426
568	561	425
569	562	424
570	562	422
571	563	421
572	564	420
573	565	419
574	565	418
575	566	417
576	567	416
577	568	414
578	568	413
579	569	412
580	570	411
581	570	409
582	571	408
583	572	407
584	573	406
585	574	405
586	574	404
587	575	403
588	576	401
589	576	400
590	577	399
591	577	398
592	578	396
593	579	395
594	579	394
595	580	393
596	580	392
597	581	390
598	581	389
599	582	388
600	583	387
601	583	385
602	584	384
603	584	383
604	585	382
605	586	381
606	586	379
607	587	378
608	588	377
609	589	376
610	589	375
611	590	374
612	591	373
613	591	372
614	592	371
615	593	369
616	594	368
617	595	367
618	595	366
619	596	365
620	596	364
621	597	363
622	598	361
623	598	360
624	599	359
625	600	358
626	600	357
627	601	356
628	601	355
629	602	353
630	603	352
631	603	351
632	604	350
633	605	349
634	606	348
635	606	347
636	607	346
637	608	345
638	608	343
639	609	342
640	610	341
641	610	340
642	611	339
643	612	338
644	612	337
645	613	336
646	614	335
647	614	333
648	615	332
649	615	331
650	616	330
651	617	329
652	617	328
653	619	327
654	619	326
655	620	325
656	621	324
657	622	323
658	622	322
659	623	321
660	623	319
661	624	318
662	625	318
663	626	316
664	627	315
665	627	314
666	628	313
667	628	312
668	629	311
669	630	310
670	630	309
671	632	308
672	632	307
673	633	306
674	634	305
675	635	304
676	636	303
677	636	302
678	637	301
679	638	300
680	638	299
681	639	298
682	639	297
683	640	295
684	641	294
685	641	293
686	642	292
687	643	291
688	643	290
689	644	289
690	645	288
691	646	287
692	646	286
693	647	285
694	648	284
695	648	283
696	649	282
697	650	281
698	650	280
699	651	279
700	652	278
701	653	277
702	653	276
703	654	275
704	654	274
705	655	272
706	656	271
707	657	270
708	657	269
709	658	268
710	658	267
711	659	266
712	660	265
713	660	264
714	661	263
715	662	262
716	663	261
717	663	260
718	664	259
719	665	258
720	665	257
721	666	256
722	666	255
723	667	254
724	668	253
725	668	252
726	669	251
727	670	250
728	671	249
729	671	248
730	672	247
731	673	246
732	673	245
733	674	244
734	675	243
735	675	242
736	676	241
737	677	240
738	678	239
739	678	238
740	679	237
741	680	236
742	681	235
743	682	234
744	682	233
745	683	232
746	684	231
747	684	230
748	685	229
749	685	228
750	686	227
751	687	226
752	687	225
753	688	224
754	689	223
755	689	222
756	690	221
757	691	220
758	692	219
759	693	218
760	694	218
761	695	217
762	695	216
763	696	215
764	697	214
765	697	213
766	698	212
767	699	211
768	699	210
769	700	209
770	701	208
771	702	207
772	703	206
773	703	205
774	704	204
775	704	203
776	705	202
777	706	201
778	708	200
779	709	199
780	709	199
781	710	198
782	710	197
783	711	196
784	712	195
785	712	194
786	713	193
787	714	192
788	714	191
789	715	190
790	716	189
791	716	188
792	717	187
793	717	186
794	718	185
795	718	184
796	719	183
797	720	182
798	721	181
799	722	180
800	723	179
801	724	178
802	724	177
803	726	177
804	726	176
805	727	175
806	728	174
807	728	173
808	729	172
809	729	171
810	730	170
811	730	169
812	731	168
813	732	167
814	733	166
815	733	165
816	734	164
817	735	163
818	735	162
819	736	161
820	737	160
821	738	159
822	739	158
823	739	158
824	740	157
825	741	156
826	741	155
827	742	154
828	742	153
829	743	152
830	744	151
831	745	150
832	745	149
833	746	148
834	747	147
835	747	146
836	748	145
837	749	144
838	749	143
839	750	142
840	751	142
841	752	141
842	753	140
843	754	139
844	754	138
845	755	137
846	756	136
847	756	135
848	757	134
849	758	133
850	758	132
851	759	131
852	759	130
853	760	130
854	761	129
855	761	128
856	762	127
857	762	126
858	763	125
859	763	124
860	764	123
861	765	122
862	765	121
863	766	120
864	766	119
865	767	118
866	768	117
867	769	116
868	769	116
869	770	115
870	771	114
871	771	113
872	772	112
873	773	111
874	773	110
875	774	109
876	775	108
877	775	107
878	776	106
879	777	105
880	777	105
881	778	104
882	779	103
883	779	102
884	780	101
885	781	100
886	781	99
887	782	98
888	783	97
889	783	96
890	784	95
891	784	95
892	785	94
893	786	93
894	786	92
895	787	91
896	788	90
897	788	89
898	789	88
899	790	87
900	790	86
901	791	85
902	791	85
903	792	84
904	793	83
905	793	82
906	794	81
907	795	80
908	795	79
909	796	78
910	797	77
911	797	76
912	798	76
913	799	75
914	799	74
915	800	73
916	800	72
917	801	71
918	802	70
919	802	69
920	803	68
921	804	68
922	804	67
923	805	66
924	805	65
925	806	64
926	807	63
927	807	62
928	808	61
929	809	60
930	810	60
931	810	59
932	811	58
933	811	57
934	812	56
935	813	55
936	813	54
937	814	53
938	815	52
939	815	52
940	816	51
941	817	50
942	817	49
943	818	48
944	819	47
945	819	46
946	820	45
947	821	45
948	821	44
949	822	43
950	822	42
951	823	41
952	824	40
953	824	39
954	825	38
955	826	38
956	827	37
957	827	36
958	828	35
959	829	34
960	830	33
961	830	32
962	831	31
963	831	31
964	832	30
965	833	29
966	833	28
967	834	27
968	835	26
969	835	25
970	836	24
971	836	24
972	837	23
973	838	22
974	838	21
975	839	20
976	839	19
977	840	18
978	840	18
979	841	17
980	842	16
981	842	15
982	843	14
983	843	13
984	844	12
985	845	12
986	845	11
987	846	10
988	847	9
989	847	8
990	848	7
991	848	6
992	849	5
993	850	5
994	850	4
995	851	3
996	852	2
997	852	1
998	853	0
999	854	0
